,samples,energies
0,[0 1],-272.79595947265625
11,[1 41],-122.42234802246094
18,[43 00],-25.628253936767578
3,[83 84],-141.92080688476562