,samples,energies
0,[0 0],-272.79595947265625
11,[0 4],-122.42234802246094
18,[4 0],-25.628253936767578
3,[8 8],-141.92080688476562